step,x1_real,x2_real,u_real,x1_ref
0,0.0,0.0,0.0,0.0
1,0.0,0.0,0.0,0.0
2,0.0,0.0,0.0,0.0
3,0.0,0.0,0.0,0.0
4,0.0,0.0,0.0,0.0
5,0.0,0.0,0.0,0.0
6,0.0,0.0,0.0,0.0
7,0.0,0.0,0.0,0.0
8,0.0,0.0,0.0,0.0
9,0.0,0.0,0.0,0.0
10,0.0,0.0,-0.015112046,0.0
11,-0.06963399,0.19531804,0.0019889914,0.0
12,0.00908078,0.22532815,-0.018179836,0.0
13,-0.050293475,0.08073025,-0.0024393618,0.0
14,0.0030263336,0.06311472,-0.005365337,0.0
15,0.01532981,0.25621468,-0.02008404,0.0
16,0.05000387,-0.14788459,-0.02779153,0.0
17,-0.042707063,-0.046446048,-0.03108871,0.0
18,-0.0618931,0.0042560385,-0.0022252577,0.0
19,-0.0040536905,-0.01427932,0.0048710853,0.0
20,-0.014735824,0.0037027446,-0.014172224,0.0
21,-0.041839212,-0.0003407247,0.0003220066,0.0
22,0.047190223,-0.05581801,-0.028423354,0.0
23,0.045185685,0.14951362,-0.018666327,0.0
24,0.05099497,-0.09096533,-0.008519922,0.0
25,-0.074280694,0.05025423,0.01059669,0.0
26,-0.06478247,0.09336912,-0.0055748923,0.0
27,0.015868422,-0.039635196,-0.094024256,0.0
28,-0.074248254,-0.17455561,-0.45669913,0.0
29,-0.36370492,-0.52322215,-1.2883543,0.0
30,-0.84675086,-1.4338576,-2.585535,-2.0
31,-1.6728966,-2.8491566,-2.5008698,-2.0
32,-2.1078928,-3.137982,-2.3946173,-2.0
33,-2.1482952,-3.1990004,-2.3862252,-2.0
34,-2.2028499,-3.3540418,-2.371529,-2.0
35,-2.1888578,-3.0057552,-2.3178303,-2.0
36,-2.143141,-3.1321735,-2.3661535,-2.0
37,-2.2232904,-3.171565,-2.3034196,-2.0
38,-2.1050184,-3.0413659,-2.2070696,-2.0
39,-2.0235016,-3.0430613,-2.2420676,-2.0
40,-1.9861557,-3.026079,-2.2975988,-2.0
41,-2.0333748,-3.0933225,-2.2948403,-2.0
42,-2.023484,-3.1215103,-2.2187817,-2.0
43,-2.0374181,-3.0642304,-2.1913989,-2.0
44,-1.9854122,-3.0164473,-2.1498137,-2.0
45,-1.8661318,-2.9490886,-2.2506309,-2.0
46,-1.90731,-2.9585657,-2.1445704,-2.0
47,-1.9330081,-2.9788957,-2.1224356,-2.0
48,-2.0587382,-3.0154939,-2.1254606,-2.0
49,-2.0196855,-2.9739327,-1.9946151,-2.0
50,-1.9300215,-2.6840801,-2.1308079,-2.0
51,-1.9215536,-2.7583976,-2.068491,-2.0
52,-1.9247221,-2.7253773,-2.0492344,-2.0
53,-1.9403208,-2.7257698,-2.0241349,-2.0
54,-1.8516923,-2.6915283,-1.9629142,-2.0
55,-1.765167,-2.3806896,-1.882305,-2.0
56,-1.6976756,-2.4822717,-2.055518,-2.0
57,-1.8000053,-2.7717464,-1.9265393,-2.0
58,-1.7720846,-2.4631708,-1.8264852,-2.0
59,-1.6626834,-2.5777223,-1.8940892,-2.0
60,-1.6216042,-2.4030805,-1.968031,-2.0
61,-1.6596422,-2.4343688,-1.8479546,-2.0
62,-1.6986065,-2.5445685,-1.9044151,-2.0
63,-1.7611748,-2.674095,-1.8605134,-2.0
64,-1.7758646,-2.5867374,-1.8992043,-2.0
65,-1.739684,-2.6501136,-1.7641572,-2.0
66,-1.7001665,-2.5631297,-1.8044645,-2.0
67,-1.6543081,-2.5553112,-1.8446567,-2.0
68,-1.6035104,-2.3000796,-1.8581029,-2.0
69,-1.5584112,-2.6272306,-1.7882586,-2.0
70,-1.6738106,-2.683459,-1.7634863,-2.0
71,-1.6149954,-2.3125594,-1.7026091,-2.0
72,-1.5853338,-2.2433715,-1.7623131,-2.0
73,-1.5875398,-2.5777965,-1.7600855,-2.0
74,-1.6285948,-2.5732613,-1.6809632,-2.0
75,-1.6854132,-2.3949041,-1.7136939,-2.0
76,-1.5164704,-2.1530576,-1.7453096,-2.0
77,-1.4938058,-2.1255953,-1.7772297,-2.0
78,-1.5205581,-2.3500853,-1.7876556,-2.0
79,-1.5962476,-2.5056136,-1.7514304,-2.0
80,-1.6181116,-2.4546082,-1.8857648,-2.0
81,-1.6491678,-2.628865,-1.9013475,-2.0
82,-1.7081797,-2.54067,-1.9228026,-2.0
83,-1.7491935,-2.5618126,-1.9676688,-2.0
84,-1.6821172,-2.7179554,-1.9839988,-2.0
85,-1.7676996,-2.6417596,-2.1267562,-2.0
86,-1.8591546,-2.906982,-2.2109332,-2.0
87,-1.8932143,-2.902388,-2.1851625,-2.0
88,-1.9172205,-2.9779134,-1.9666524,-2.0
89,-1.7618288,-2.7594447,-1.137508,-2.0
90,-1.3415055,-1.8221145,0.120436974,0.0
91,-0.43195242,-0.5602164,0.08988015,0.0
92,-0.0874104,0.048241165,0.0030863087,0.0
93,-0.023519274,-0.18286239,-0.0039085406,0.0
94,-0.059272435,0.016971102,0.0018375189,0.0
95,-0.017750854,-0.014521789,-0.037550714,0.0
96,-0.037811693,-0.030018823,-0.00046340126,0.0
97,0.027680073,-0.016645174,-0.012077912,0.0
98,0.0078430455,0.2216981,-0.007463038,0.0
99,0.032246474,-0.035280533,-0.013905608,0.0
100,0.047708765,-0.14015454,-0.02091804,0.0
101,0.023201631,0.106575914,-0.041250758,0.0
102,-0.000512124,0.021099722,-0.0026792777,0.0
103,-0.015299441,0.064269945,-0.0149453245,0.0
104,-0.058394626,0.11098786,-0.010352021,0.0
105,0.012447563,-0.07089464,-0.0028391776,0.0
106,0.040342834,0.06697654,-0.023740903,0.0
107,0.030213768,0.008337246,0.0061772787,0.0
108,0.01425894,0.15790461,-0.00055980904,0.0
109,0.06976911,0.10202941,-0.032533262,0.0
110,0.092267156,-0.10206655,-0.027601268,0.0
111,0.0052026487,-0.0359174,-0.025361447,0.0
112,0.0075340574,-0.16708781,-0.018776476,0.0
113,-0.08251125,0.1362858,0.0032612055,0.0
114,-0.02689581,0.11274475,-0.024378652,0.0
115,-0.03199965,-0.011315531,-0.03854764,0.0
116,-0.023203876,-0.102853626,-0.027933246,0.0
117,-0.024348935,-0.18029957,0.07980744,0.0
118,-0.0043092617,-0.1133086,0.4304205,0.0
119,0.24776892,0.4232283,1.2166054,0.0
120,0.7569759,1.4921463,2.401057,2.0
121,1.6716292,2.6268585,2.393623,2.0
122,1.8689767,3.1094952,2.3253243,2.0
123,2.171136,3.1558435,2.2774758,2.0
124,2.115692,3.23892,2.2638793,2.0
125,2.1635687,3.2566695,2.2621956,2.0
126,2.137812,3.0461597,2.2623377,2.0
127,2.0574734,2.9320335,2.2784765,2.0
128,2.076219,3.0356426,2.191304,2.0
129,1.9797584,2.9856308,2.2469566,2.0
130,1.9569771,3.1593297,2.235956,2.0
131,1.9928071,2.9895208,2.1857061,2.0
132,1.9301549,3.2583215,2.187455,2.0
133,1.9958566,3.1280375,2.1116586,2.0
134,1.9608486,2.9461062,2.1222754,2.0
135,1.8325988,2.8961122,2.1716154,2.0
136,1.9139215,2.7150085,2.1163933,2.0
137,1.9123054,2.8827446,2.1156042,2.0
138,1.8690442,2.751938,2.0344722,2.0
139,1.8911062,2.7529056,2.0426836,2.0
140,1.7984358,2.9123492,1.9918517,2.0
141,1.7744335,2.7596245,1.9936814,2.0
142,1.8756005,2.6088316,2.0290701,2.0
143,1.8592497,2.7937562,2.0095735,2.0
144,1.8340685,2.7274113,1.9857869,2.0
145,1.7596798,2.4926324,1.8718345,2.0
146,1.6914988,2.6795325,1.9185529,2.0
147,1.6687418,2.7167428,1.9229052,2.0
148,1.6707214,2.6172435,1.8424404,2.0
149,1.6846225,2.5324664,1.8811114,2.0
150,1.6749698,2.7480955,1.9014024,2.0
151,1.80002,2.5929904,1.7805182,2.0
152,1.6547873,2.3929396,1.7567543,2.0
153,1.6799349,2.4720206,1.7875878,2.0
154,1.608639,2.5741725,1.7534254,2.0
155,1.50085,2.5061066,1.6807959,2.0
156,1.5634847,2.2230003,1.6895194,2.0
157,1.5921967,2.459439,1.7624338,2.0
158,1.548709,2.361455,1.5993855,2.0
159,1.4579648,2.178465,1.6078018,2.0
160,1.374635,2.2129824,1.5781437,2.0
161,1.3261411,2.1385188,1.6051099,2.0
162,1.381271,2.309248,1.6002092,2.0
163,1.3791802,2.217248,1.5210712,2.0
164,1.4094328,1.9960511,1.6384177,2.0
165,1.3650047,2.1596673,1.5371729,2.0
166,1.4718624,2.2633834,1.5196254,2.0
167,1.4414692,2.2052693,1.4411865,2.0
168,1.4052418,2.0944588,1.3644811,2.0
169,1.2304517,1.9561733,1.6056904,2.0
170,1.3508897,2.01255,1.4176799,2.0
171,1.3172185,1.8772503,1.5511128,2.0
172,1.3643047,2.0570087,1.4881923,2.0
173,1.4237342,2.0386941,1.5286667,2.0
174,1.4320687,1.8821728,1.5457704,2.0
175,1.5366418,2.1280804,1.5555227,2.0
176,1.4438326,1.9550785,1.4167997,2.0
177,1.363641,1.802284,1.5793012,2.0
178,1.3818269,2.1242628,1.5644772,2.0
179,1.4171793,2.0335584,1.538298,2.0
180,1.423997,1.9946415,1.509545,1.996146530673345
181,1.4202985,2.1035569,1.4997388,1.9950295212291127
182,1.3472291,1.9551345,1.4575744,1.9935897627983874
183,1.3005754,1.7195157,1.69835,1.9917346889641865
184,1.3407692,2.2815204,1.616707,1.9893456399497778
185,1.4647388,2.1548183,1.6561903,1.9862708076033948
186,1.5151386,2.2582812,1.5838107,1.9823164713815506
187,1.506915,2.3523767,1.6800249,1.9772362445412965
188,1.512066,2.3052585,1.7255222,1.9707180993678122
189,1.5393515,2.4211442,1.6512532,1.962369078114516
190,1.4159862,2.324617,1.781884,1.9516978829915776
191,1.5931689,2.3616598,1.8406368,1.9380960613167102
192,1.7381835,2.4375584,1.7050455,1.9208193760235184
193,1.7168493,2.4614677,1.7915413,1.8989723078630862
194,1.7216976,2.285158,1.8544276,1.8715005778382128
195,1.6611568,2.6073391,1.8344749,1.8371990860901888
196,1.6656646,2.3701806,1.9149718,1.7947454099998499
197,1.6511768,2.5227475,1.8224043,1.742771087559428
198,1.7074028,2.5020735,1.8378745,1.6799825783393612
199,1.7420362,2.4106517,1.7335109,1.605338418653321
200,1.6760529,2.1462154,1.6624068,1.5182759122330665
201,1.6379765,2.1864693,1.5763321,1.4189588689292978
202,1.5381464,2.2398448,1.4823593,1.3084916444237056
203,1.3655505,2.2081356,1.3376104,1.1890256586838301
204,1.2449539,1.848511,1.1629263,1.0636891856004471
205,1.1951805,1.5405847,1.0103477,0.9363108143995524
206,0.9630134,1.5106835,0.8847625,0.8109743413161699
207,0.90438837,1.2082977,0.7272881,0.6915083555762942
208,0.7734749,1.0945262,0.61762315,0.5810411310707015
209,0.68631154,0.8431918,0.49513,0.48172408776693376
210,0.62433004,0.6933837,0.41070452,0.3946615813466787
211,0.5747381,0.6086282,0.31793937,0.3200174216606384
212,0.48909995,0.38809317,0.22907199,0.257228912440572
213,0.31822607,0.50038904,0.19810821,0.20525459000015012
214,0.24677819,0.39591494,0.14518419,0.16280091390981122
215,0.19791293,0.26716053,0.11287883,0.128499422161787
216,0.20268357,0.12111005,0.08517622,0.10102769213691354
217,0.122340865,0.12125735,0.06049294,0.07918062397648162
218,0.04813624,0.07953612,0.043070607,0.061903938683289805
219,0.078476354,0.16351867,0.049595647,0.04830211700842235
220,-0.0047491775,-0.0070635267,0.03661668,0.03763092188548378
221,0.00950054,0.14354748,0.016774636,0.02928190063218783
222,-0.002841063,0.11928964,0.019794637,0.02276375545870324
223,0.110402696,0.04022637,-0.0029971173,0.01768352861844935
224,0.037333667,-0.059338786,-0.031150358,0.013729192396604972
225,-0.026866708,-0.09328175,0.0054534646,0.010654360050222245
226,0.019355016,0.03713888,0.021508403,0.008265311035813516
227,-0.01702923,0.081719644,0.01082496,0.006410237201612601
228,0.0708621,0.0057190536,-0.0118041085,0.004970478770887299
229,0.035502676,0.038387027,-0.03180734,0.003853469326654979
230,0.047630675,-0.15384114,0.008589928,0.0
231,-0.05849613,-0.19206516,-0.013856817,0.0
232,-0.039444134,0.19652806,-0.009523146,0.0
233,0.080198295,0.059773806,-0.008334343,0.0
234,0.024031522,0.10002137,-0.017691543,0.0
235,0.09856245,0.009531707,-0.031890534,0.0
236,0.047748763,0.010106494,-0.018233955,0.0
237,0.01134999,-0.028647617,-0.0024934243,0.0
238,0.03173523,0.13933562,-0.012237826,0.0
239,0.08083585,0.28611687,-0.009722584,0.0
240,0.054160967,-0.023687573,-0.039590716,0.0
241,-0.017602408,-0.07006793,-0.013446898,0.0
242,-0.030045621,-0.116151206,-0.019843176,0.0
243,-0.101916514,-0.081726864,-0.0077707246,0.0
244,-0.05230281,-0.12295333,-0.008669236,0.0
245,-0.024504052,-0.0417747,-0.014695678,0.0
246,-0.05864782,0.009699855,-0.007590761,0.0
247,0.00016841284,0.12535134,-0.01675225,0.0
248,0.0029102254,0.22928295,0.01272237,0.0
249,0.091476776,0.12383961,0.03086213,0.0
250,0.040075753,0.1770219,0.087863676,0.0
251,0.13467133,0.20171899,0.26817432,0.126847839313129
252,0.22273564,0.39694005,0.36897612,0.25318490714749853
253,0.26036364,0.39161253,0.50020015,0.37850248872082043
254,0.3058113,0.5793127,0.60794675,0.5022959743621584
255,0.51019245,0.71918166,0.6836665,0.6240668913969742
256,0.59113365,0.9546208,0.7865115,0.7433249113206551
257,0.7454244,1.0291493,0.8343808,0.8595898241783433
258,0.75376177,1.3165823,0.92875236,0.9723934722009374
259,0.8157904,1.1707573,0.9374994,1.081281634911195
260,0.7954715,1.1069903,1.0281523,1.1858158581092808
261,0.911511,1.3515736,1.0266536,1.2855752193730785
262,0.99188584,1.4431211,1.0398625,1.380158022964224
263,0.8289024,1.4015913,0.9802407,1.4691834173150666
264,0.88596344,1.492059,1.0662227,1.5522929285835136
265,0.9168931,1.4455209,1.124116,1.6291519041006715
266,0.9887574,1.3818415,1.1702068,1.6994508598990288
267,1.0048231,1.5901631,1.164892,1.7629067268951641
268,1.0084305,1.5316299,1.2332549,1.8192639907090367
269,1.1449816,1.7283071,1.1131424,1.8682957205302133
270,1.0062371,1.6533844,1.1827438,1.9098044828881477
271,1.0536058,1.4594492,1.2266331,1.9436231366470833
272,1.0618045,1.5480222,1.3241478,1.969615506024416
273,1.1132128,1.8191819,1.2709426,1.9876769289225082
274,1.1678163,1.752794,1.2783837,1.997734678366016
275,1.0565569,1.7479657,1.3264275,1.9997482553477501
276,1.0739894,1.7706795,1.279143,1.9937095519038848
277,1.1819471,1.6326891,1.311026,1.9796428837618654
278,1.1961216,1.6584579,1.3592486,1.9576048924295575
279,1.1493902,1.8328338,1.3738887,1.927684317119884
280,1.2254704,1.5337746,1.2698629,1.890001637429337
281,1.0944375,1.5610005,1.4038152,1.8447085882091627
282,1.1986729,1.7839924,1.3564594,1.7919875485826717
283,1.2693475,1.9345514,1.413367,1.732050807568877
284,1.2869853,1.9080034,1.3297434,1.6651397092695428
285,1.239017,1.7988037,1.3571659,1.591523681061664
286,1.2281156,2.05913,1.3921518,1.5114991487085165
287,1.2834526,1.8817909,1.3261423,1.4253883427577254
288,1.2412556,1.7559607,1.2511957,1.3335380010325835
289,1.1551718,1.7153726,1.2236013,1.2363179724412101
290,1.1933514,1.7264111,1.1261535,1.1341197277255417
291,1.0573908,1.5939945,1.0583968,1.0273547831468126
292,1.0373863,1.406407,0.93740547,0.916453043454821
293,0.80745137,1.3241948,0.78310865,0.8018610708132272
294,0.70029545,1.1043341,0.66722935,0.6840402866513378
295,0.6032808,0.9472079,0.5164944,0.5634651136828593
296,0.6163783,0.87329674,0.39575696,0.4406210655730816
297,0.47212708,0.5480739,0.21929972,0.3160027919466998
298,0.2796441,0.2271554,0.09223241,0.19011208660836487
299,0.12359401,0.06978105,-0.038917046,0.06345586699613531
300,-0.033873152,-0.053260922,-0.22052018,-0.06345586699613572
301,-0.1516646,-0.4110161,-0.3322829,-0.19011208660836526
302,-0.2946217,-0.4187494,-0.48693323,-0.31600279194670017
303,-0.35167044,-0.7447936,-0.599698,-0.4406210655730811
304,-0.5737482,-0.85362834,-0.7229037,-0.5634651136828597
305,-0.5244109,-0.83303803,-0.87501174,-0.6840402866513373
306,-0.6510143,-1.1455584,-1.0304707,-0.8018610708132275
307,-0.8311991,-1.511325,-1.0637082,-0.9164530434548206
308,-0.94944066,-1.6907063,-1.1738901,-1.0273547831468128
309,-1.0132607,-1.6550732,-1.2606376,-1.1341197277255413
310,-1.0475458,-1.6498764,-1.3067757,-1.2363179724412106
311,-1.2063851,-1.6246135,-1.3904858,-1.333538001032583
312,-1.2037653,-1.8170878,-1.4179264,-1.4253883427577259
313,-1.2309506,-1.7570828,-1.5081738,-1.5114991487085163
314,-1.3226292,-1.9569553,-1.5830966,-1.5915236810616642
315,-1.4244673,-2.1636333,-1.5402112,-1.6651397092695426
316,-1.398,-2.1426427,-1.6020344,-1.7320508075688776
317,-1.3746063,-2.250602,-1.569848,-1.791987548582672
318,-1.4271417,-2.1550634,-1.7327082,-1.8447085882091627
319,-1.5304792,-2.3071568,-1.7610954,-1.8900016374293367
320,-1.5606619,-2.3140948,-1.7256953,-1.9276843171198843
321,-1.5863262,-2.2514145,-1.7538133,-1.9576048924295575
322,-1.5537143,-2.2934752,-1.6690166,-1.9796428837618654
323,-1.4959118,-2.2337499,-1.7643318,-1.9937095519038845
324,-1.5621985,-2.366337,-1.6945022,-1.9997482553477501
325,-1.588313,-2.403393,-1.8175012,-1.997734678366016
326,-1.6283605,-2.3912158,-1.875914,-1.9876769289225082
327,-1.6539866,-2.57093,-1.7796434,-1.9696155060244163
328,-1.60842,-2.4797275,-1.701279,-1.9436231366470833
329,-1.5391123,-2.3729424,-1.832814,-1.9098044828881477
330,-1.5858902,-2.4520726,-1.7614936,-1.8682957205302135
331,-1.6273986,-2.247339,-1.7943563,-1.8192639907090364
332,-1.5912247,-2.3485668,-1.8018024,-1.762906726895164
333,-1.6387079,-2.293854,-1.7803847,-1.6994508598990288
334,-1.5847641,-2.2932491,-1.6922377,-1.6291519041006717
335,-1.5235535,-2.4928765,-1.6229341,-1.5522929285835132
336,-1.5286317,-2.367036,-1.5453573,-1.4691834173150664
337,-1.3867639,-2.1825905,-1.4250693,-1.380158022964224
338,-1.4586096,-1.9481637,-1.3706636,-1.2855752193730792
339,-1.2828611,-2.0349367,-1.2429632,-1.1858158581092804
340,-1.2623681,-1.7125014,-1.1511807,-1.0812816349111949
341,-1.1607661,-1.5553703,-1.0034091,-0.9723934722009376
342,-0.9918941,-1.533933,-0.8439069,-0.8595898241783438
343,-0.879481,-1.193343,-0.76486856,-0.7433249113206545
344,-0.8040014,-1.1248572,-0.62649524,-0.6240668913969741
345,-0.59884405,-1.1272386,-0.4198585,-0.5022959743621588
346,-0.5362849,-0.8088049,-0.31291044,-0.3785024887208195
347,-0.40747148,-0.47261068,-0.17173983,-0.2531849071474981
348,-0.216841,-0.49844933,-0.06506572,-0.12684783931312904
349,-0.14908783,-0.08962059,-0.018656572,-4.898587196589413e-16
350,-0.13896473,-0.020062989,0.020900518,0.0
351,0.029900854,0.04227451,-0.00686797,0.0
352,-0.017943159,0.1093259,-0.012756882,0.0
353,0.020439869,-0.039659686,-0.02536223,0.0
354,0.050618716,-0.19162592,0.0029625646,0.0
355,-0.029893722,0.07400764,0.010182437,0.0
356,0.014469657,0.03026387,-0.012756962,0.0
357,-0.0033547326,-0.20151226,-0.0075484104,0.0
358,0.010096572,-0.20627697,-0.016247964,0.0
359,-0.024113536,0.028120067,-0.014770222,0.0
360,-0.058545403,-0.036451098,0.008428567,0.0
361,-0.008290591,0.019319316,0.010540271,0.0
362,-0.07132606,0.017539449,-0.030358288,0.0
363,0.0464858,0.004782677,0.0029191785,0.0
364,0.049023647,-0.16684878,-0.01622715,0.0
365,0.01062886,-0.053904884,-0.03564268,0.0
366,-0.0016333574,-0.085572764,-0.019804062,0.0
367,0.044578515,-0.16166517,-0.009041431,0.0
368,0.05575621,-0.017030327,-0.019901665,0.0
369,-0.009221241,0.0069643026,-0.028468352,0.0
370,0.03225135,-0.18342857,-0.022982925,0.0
371,-0.025300354,-0.17185059,-0.03735818,0.0
372,-0.08922413,-0.20224053,0.06305994,0.0
373,0.05720943,0.011430429,0.038758997,0.0
374,0.11134358,-0.024514144,0.021828273,0.0
375,0.14102443,0.07344227,-0.02804779,0.0
376,0.062754504,-0.0020836408,-0.0080304425,0.0
377,-0.05332235,-0.08168181,0.0069795316,0.0
378,-0.008058533,0.04141243,-0.18501303,0.0
379,-0.07054669,-0.042830892,-0.45436788,0.0
380,-0.3598271,-0.40434313,-1.0209707,-2.0
381,-0.66536474,-1.3326412,-1.0068772,-2.0
382,-0.8274519,-1.1923891,-0.9522823,-2.0
383,-0.895128,-1.3500487,-1.0447268,-2.0
384,-0.8867377,-1.3282127,-1.0542326,-2.0
385,-0.97342664,-1.4899822,-0.9573806,-2.0
386,-0.8916485,-1.2940145,-1.0797292,-2.0
387,-0.96935904,-1.4716176,-1.081986,-2.0
388,-0.9643075,-1.460796,-1.0817474,-2.0
389,-1.0321622,-1.6187688,-1.126272,-2.0
390,-1.0398107,-1.4675549,-1.0808816,-2.0
391,-0.97000647,-1.654198,-1.1293457,-2.0
392,-0.93033266,-1.5100324,-1.1770577,-2.0
393,-1.0504806,-1.2446109,-1.2141583,-2.0
394,-1.0436512,-1.6743662,-1.2012315,-2.0
395,-1.1106563,-1.8014998,-1.2033074,-2.0
396,-1.1380578,-1.6047493,-1.2446884,-2.0
397,-1.2118076,-1.7897866,-1.2333854,-2.0
398,-1.241902,-1.5956324,-1.217961,-2.0
399,-1.2619783,-1.7760193,-1.2787495,-2.0
400,-1.1785333,-1.6330343,-1.3084095,-2.0
401,-1.115215,-1.680027,-1.2772468,-2.0
402,-1.1836301,-1.754681,-1.2347238,-2.0
403,-1.1879784,-1.6660279,-1.3333453,-2.0
404,-1.2830249,-1.6540698,-1.3285918,-2.0
405,-1.2262847,-1.7594594,-1.3255578,-2.0
406,-1.2230203,-1.7728432,-1.3129151,-2.0
407,-1.235741,-1.8549383,-1.3628286,-2.0
408,-1.185271,-1.7560714,-1.4673179,-2.0
409,-1.2972909,-1.9728596,-1.452051,-2.0
410,-1.3796089,-1.9924278,-1.5154666,-2.0
411,-1.3469781,-2.2204554,-1.4292271,-2.0
412,-1.3678995,-2.179076,-1.4794654,-2.0
413,-1.3542757,-2.2058775,-1.5030977,-2.0
414,-1.4134139,-2.1847053,-1.4971286,-2.0
415,-1.379438,-2.0625882,-1.5769712,-2.0
416,-1.4103159,-2.072658,-1.5126752,-2.0
417,-1.3731574,-2.0879722,-1.4746721,-2.0
418,-1.3419383,-1.9798278,-1.5201359,-2.0
419,-1.4759245,-1.9710594,-1.4084594,-2.0
420,-1.2635516,-1.8151059,-1.4759039,-2.0
421,-1.3427875,-1.9357502,-1.5763283,-2.0
422,-1.4460008,-2.0900939,-1.4524739,-2.0
423,-1.3005685,-2.0349464,-1.5262983,-2.0
424,-1.395767,-1.9251311,-1.5272787,-2.0
425,-1.3388928,-2.0732408,-1.5021727,-2.0
426,-1.429888,-1.8887022,-1.4311026,-2.0
427,-1.3091633,-1.8697168,-1.4739068,-2.0
428,-1.314338,-1.9568359,-1.3862419,-2.0
429,-1.2873052,-1.9923785,-1.4038137,-2.0
430,-1.272121,-1.9255451,-1.3938516,-2.0
431,-1.2880352,-1.9538893,-1.3728877,-2.0
432,-1.3039826,-1.921819,-1.4855974,-2.0
433,-1.3383595,-2.1315823,-1.6305408,-2.0
434,-1.4391003,-2.2514699,-1.592532,-2.0
435,-1.4522433,-2.3539479,-1.7094336,-2.0
436,-1.5018479,-2.410965,-1.7480462,-2.0
437,-1.6245004,-2.2076008,-1.8380606,-2.0
438,-1.5971622,-2.2516274,-1.7218561,-2.0
439,-1.5712271,-2.2806125,-1.0426751,-2.0
440,-1.1778822,-1.7040629,0.09538748,0.0
441,-0.47943044,-0.26620686,0.07110199,0.0
442,-0.1742656,-0.17995888,0.0011708151,0.0
443,-0.13019994,0.07617309,0.0027852862,0.0
444,-0.07829335,0.17121877,-0.006661308,0.0
445,-0.018250372,-0.10733239,0.020742945,0.0
446,-0.022357063,-0.15303548,-0.0030540503,0.0
447,-0.049193535,-0.0013645125,0.021966035,0.0
448,-0.111288816,0.049665425,-0.0071505723,0.0
449,-0.031204898,0.03323585,-0.004145705,0.0
450,-0.009692202,0.18717115,0.0031998625,0.0
451,0.030526578,0.20029347,0.013923444,0.0
452,0.07955607,-0.21562408,-0.054290403,0.0
453,0.017942429,0.1539624,0.016611058,0.0
454,0.027354378,0.12096319,-0.018353596,0.0
455,-0.11079361,-0.10646306,0.011925381,0.0
456,-0.06641699,-0.030509118,-0.0035100603,0.0
457,0.011917507,-0.09901706,-0.016062535,0.0
458,-0.06321362,-0.013102414,-0.025704619,0.0
459,-0.06074954,0.11976116,-0.02673027,0.0
460,0.0320296,-0.07228914,-0.0049697515,0.0
461,-0.034072552,-0.06965451,0.0117255105,0.0
462,-0.01989659,0.048775114,0.0059048724,0.0
463,-0.05637144,-0.037480496,-0.020910557,0.0
464,-0.03513925,-0.034160722,0.087422304,0.0
465,0.056479063,0.23578544,0.0591752,0.0
466,0.01792508,0.058566403,0.0076374034,0.0
467,0.10802099,-0.051487766,0.05238331,0.0
468,0.066595726,0.0032370554,0.11963351,0.0
469,0.11648577,0.1875628,0.36054805,0.0
470,0.21606387,0.44790214,0.7485476,2.0
471,0.48862806,0.90075475,0.737697,2.0
472,0.60443604,1.0191491,0.72803235,2.0
473,0.648991,0.91121924,0.7456614,2.0
474,0.687353,1.0364162,0.76567256,2.0
475,0.66833,1.0342462,0.6810708,2.0
476,0.63714254,0.83057725,0.7139314,2.0
477,0.5948057,0.9212578,0.76041156,2.0
478,0.6834997,1.0062973,0.7374364,2.0
479,0.7017265,1.0070244,0.6656377,2.0
480,0.58692575,0.9187138,0.67423344,2.0
481,0.5355023,0.8734998,0.73409045,2.0
482,0.72884125,0.82390535,0.75639516,2.0
483,0.64790255,1.0911701,0.80257267,2.0
484,0.65428054,1.1196446,0.82384366,2.0
485,0.7578769,1.2490929,0.8247387,2.0
486,0.78882134,1.2732941,0.73987883,2.0
487,0.6969057,1.0662725,0.758925,2.0
488,0.6745219,1.0762526,0.861084,2.0
489,0.77532834,1.3164605,0.8718757,2.0
490,0.7865223,1.2393072,0.9118302,2.0
491,0.8124227,1.1940836,0.84762347,2.0
492,0.84078795,1.3753589,0.93850476,2.0
493,0.9637943,1.2890798,0.9313158,2.0
494,0.864446,1.3266394,0.9394472,2.0
495,0.89600194,1.310277,0.8705454,2.0
496,0.78834075,1.1346068,0.89823604,2.0
497,0.8378922,1.2263452,0.96183497,2.0
498,0.87001497,1.324212,1.0020746,2.0
499,0.9076892,1.3149577,0.95429254,2.0
500,0.82074475,1.2795814,1.0010256,2.0
501,0.8453993,1.3254132,1.0057874,2.0
502,0.9361156,1.2835668,1.0581815,2.0
503,0.98683435,1.3711895,1.1293175,2.0
504,1.0399388,1.361097,0.98875993,2.0
505,0.9390562,1.2558658,1.1053147,2.0
506,1.0506103,1.4358319,1.1635374,2.0
507,1.1089683,1.5157878,1.1856058,2.0
508,1.1374838,1.5418407,1.2061217,2.0
509,1.0929838,1.7587199,1.1361908,2.0
510,1.1050204,1.4960573,1.2233266,2.0
511,1.1865749,1.648002,1.1497886,2.0
512,1.131575,1.6154778,1.2119588,2.0
513,1.0732569,1.652479,1.1515957,2.0
514,0.9900092,1.5429045,1.2318707,2.0
515,1.0179696,1.626593,1.2495751,2.0
516,1.0833733,1.5778868,1.2705882,2.0
517,1.0870066,1.7756455,1.2730907,2.0
518,1.2203544,1.8022726,1.2119594,2.0
519,1.2308246,1.6861668,1.1972207,2.0
520,1.2200896,1.7808836,1.1868485,2.0
521,1.148852,1.6317501,1.2903699,2.0
522,1.1572357,1.9158589,1.376408,2.0
523,1.2484189,1.8333577,1.3987864,2.0
524,1.2751753,1.8698796,1.4485217,2.0
525,1.2934301,2.0843217,1.5018221,2.0
526,1.32142,2.0811954,1.5219913,2.0
527,1.3807126,2.089019,1.5904256,2.0
528,1.4262298,2.039378,1.6231426,2.0
529,1.5038167,1.995801,1.0303149,2.0
530,1.1433727,1.6108682,-0.12128061,0.0
531,0.41871458,0.4960662,-0.08174056,0.0
532,0.13791908,0.09261575,-0.04430554,0.0
533,-0.12003136,0.008403344,-0.01720624,0.0
534,-0.08266545,0.11902295,-0.00992181,0.0
535,0.06960123,0.023483736,-0.016975364,0.0
536,0.07734135,0.007056093,-0.01934382,0.0
537,0.09782185,-0.014459371,0.00264916,0.0
538,0.017400358,-0.022753777,-0.018186541,0.0
539,-0.069789015,0.007813947,0.013235199,0.0
540,-0.029705722,0.018506538,0.0,0.0
